{
    "tf_flange_tip": [
        [
            1.0,
            0.0,
            0.0,
            0.0
        ],
        [
            0.0,
            1.0,
            0.0,
            0.0
        ],
        [
            0.0,
            0.0,
            1.0,
            0.283
        ],
        [
            0.0,
            0.0,
            0.0,
            1.0
        ]
    ],
    "suction_groups": [
        {
            "shape": [
                [
                    -0.2445,
                    -0.0275
                ],
                [
                    -0.0975,
                    0.1955
                ]
            ]
        },
        {
            "shape": [
                [
                    -0.0735,
                    -0.0275
                ],
                [
                    0.0735,
                    0.1575
                ]
            ]
        },
        {
            "shape": [
                [
                    0.0975,
                    -0.0275
                ],
                [
                    0.2445,
                    0.1955
                ]
            ]
        }
    ],
    "collision_shape": [
        {
            "cuboid": [
                0.48916810750961304,
                0.2248605638742447,
                0.03239806741476059
            ],
            "tf": [
                [
                    1.0,
                    0.0,
                    0.0,
                    0.0
                ],
                [
                    0.0,
                    1.0,
                    0.0,
                    0.0833781510591507
                ],
                [
                    0.0,
                    0.0,
                    1.0,
                    0.2668009400367737
                ],
                [
                    0.0,
                    0.0,
                    0.0,
                    1.0
                ]
            ]
        },
        {
            "cuboid": [
                0.5002530217170715,
                0.24130278825759888,
                0.06768123060464859
            ],
            "tf": [
                [
                    1.0,
                    0.0,
                    0.0,
                    0.0
                ],
                [
                    0.0,
                    1.0,
                    0.0,
                    0.0833781510591507
                ],
                [
                    0.0,
                    0.0,
                    1.0,
                    0.21678975224494934
                ],
                [
                    0.0,
                    0.0,
                    0.0,
                    1.0
                ]
            ]
        },
        {
            "cuboid": [
                0.4550994038581848,
                0.0450509712100029,
                0.251668244600296
            ],
            "tf": [
                [
                    1.0,
                    0.0,
                    0.0,
                    0.0
                ],
                [
                    0.0,
                    1.0,
                    0.0,
                    -0.05708051472902298
                ],
                [
                    0.0,
                    0.0,
                    1.0,
                    0.12583410739898682
                ],
                [
                    0.0,
                    0.0,
                    0.0,
                    1.0
                ]
            ]
        },
        {
            "cuboid": [
                0.28616973757743835,
                0.1526123285293579,
                0.06862522661685944
            ],
            "tf": [
                [
                    1.0,
                    0.0,
                    0.0,
                    0.0
                ],
                [
                    0.0,
                    1.0,
                    0.0,
                    0.04232093319296837
                ],
                [
                    0.0,
                    0.0,
                    1.0,
                    0.034312617033720016
                ],
                [
                    0.0,
                    0.0,
                    0.0,
                    1.0
                ]
            ]
        }
    ],
    "soft_length": 0.01
}