{
    "num": 1000,
    "diameter_range": [0.3, 0.6],
    "r_range": [1.0, 2.0],
    "theta_range": [-50.0, 50.0],
    "height_range": [0.5, 1.5],
    "lidar_infos": [
        {
            "tf": [
                [
                    -0.005191,
                    0.993509,
                    0.113632,
                    0.656508
                ],
                [
                    0.999980,
                    0.004732,
                    0.004308,
                    0.454465
                ],
                [
                    0.003743,
                    0.113652,
                    -0.993514,
                    0.733464
                ],
                [
                    0.000000,
                    0.000000,
                    0.000000,
                    1.000000
                ]
            ],
            "model": "LIVOX-MID-360",
            "num_frames": 30
        },
        {
            "tf": [
                [
                    0.004472,
                    -0.986628,
                    0.162928,
                    0.650536
                ],
                [
                    -0.999977,
                    -0.003592,
                    0.005696,
                    -0.460207
                ],
                [
                    -0.005034,
                    -0.162950,
                    -0.986622,
                    0.732867
                ],
                [
                    0.000000,
                    0.000000,
                    0.000000,
                    1.000000
                ]
            ],
            "model": "LIVOX-MID-360",
            "num_frames": 30
        },
        {
            "tf": [
                [
                    -0.000329,
                    0.009123,
                    0.999958,
                    0.686987
                ],
                [
                    -0.000701,
                    -0.999958,
                    0.009122,
                    -0.002353
                ],
                [
                    1.000000,
                    -0.000698,
                    0.000336,
                    0.574569
                ],
                [
                    0.000000,
                    0.000000,
                    0.000000,
                    1.000000
                ]
            ],
            "model": "LIVOX-MID-360",
            "num_frames": 30
        }
    ]
}